{"Bpna695wrUPQ0Cl2YJBDrw==":"mbr-1617x1080.jpg","IjE06gWvYGrTvUBAfgShGw==":"mbr-1618x1080.jpg","KpuoK0PQYDuYDaBRGwhDIA==":"mbr-1620x1080.jpg","kwTCdNsVZFfeQLgYHHg3WQ==":"mbr-1-1618x1080.jpg","GXRmH18veLKt6qoTK1vxog==":"mbr-721x1080.jpg","z9zBdkFCDCc5zABR6AXbtQ==":"mbr-2-1618x1080.jpg","Itxj7vSb/Ci1RbRL3tf/BQ==":"mbr-3-1618x1080.jpg","H7vDMbAc7IyxKuQ4tMiMjA==":"mbr-1440x1080.jpg","xt/Vx5bju7LmuSJQxOxTKw==":"mbr-800x1080.jpg","zwvwAhvqd7h4x3PdhRV3qQ==":"mbr-1920x1080.jpg","/uzVqn67otrPbiznpP5Uxg==":"mbr-1-1620x1080.jpg","MGckcRhTeW9NUZ5pXz98iw==":"ayo-ogunseinde-316141-3333x3333.jpg","turT3ZRIcGhe43U9LkJMFA==":"autumn-goodman-2428101-4000x3760.jpg","o3sYDQtAgpJszTFnbVk3QQ==":"mike-wilson-253599-2189x2189.jpg","RUyji0wsTxu0RUnPeSDx1A==":"cat-as-a-user-1200x1200.jpg","xcsQW6WaXitZp0L+JoRzLg==":"girl-808x808.jpg","z5AJWUegT1s2qyV8KxH7Rw==":"mbr-1914x1080.jpg"}