{"file:///C:/Work/Sites/Headphones":{"assets/web/assets/jquery/jquery.min.js":"V5Dq1607onOXrt+j0mO4Zw==","assets/web/assets/mobirise-icons/mobirise-icons.css":"RVE1Au0iQ4C1HCKJDC+/mQ==","assets/web/assets/mobirise-icons/mobirise-icons.eot":"d1DWj4ts/6jfjnda7g4Q2A==","assets/web/assets/mobirise-icons/mobirise-icons.svg":"Yp5pSlGdnLgPdQLUa/Yv3w==","assets/web/assets/mobirise-icons/mobirise-icons.ttf":"sxxNoGToYfNN/LuoyTYkfg==","assets/web/assets/mobirise-icons/mobirise-icons.woff":"rcbBnBdGlGMmyU5U/bmzjg==","assets/images/03.jpg":"Fg4BQERJt2tJvczwg4IrEQ==","assets/images/05.jpg":"nsRXzrdv1CuBBkv9Z2pxKQ==","assets/images/04.jpg":"CqPoAI3dnsL2lRcwcmGcsA==","assets/images/gallery00.jpg":"gU25uNWtO7gpwzFkm1TiXw==","assets/images/malte-wingen-381988-1920x1280-800x533.jpg":"yztz/9vPC65SWm3GzcTrtg==","assets/images/gallery02.jpg":"DtL9+5lo94D9mdBpa9cpeQ==","assets/images/malte-wingen-382148-1920x1280-800x533.jpg":"1gqFt3QDSwVq5l+9RYe0NA==","assets/images/gallery02-1200x800-800x533.jpg":"O5eAlyZCWCBMxXxoKhYO2g==","assets/images/gallery00-1200x800-800x533.jpg":"rsw1TncxKMmi30c1MzVkYA==","assets/images/malte-wingen-381988-1920x1280.jpg":"hq7Mo+RGw2yySwlUpEYmIA==","assets/images/malte-wingen-382148-1920x1280.jpg":"IcLAxij+O06HfqctJml6bw==","assets/images/gallery02-1200x800.jpg":"M+72/h/598KWZJZymmx3fQ==","assets/images/gallery00-1200x800.jpg":"be20dr9mJz04hBOxxTPz6A==","assets/images/gallery00-384x256.jpg":"wIWma19p1RAfOAoWexyrXA==","assets/images/logo.png":"g2hipAO6yWUEHjMYNl7XtA==","assets/bootstrap/css/bootstrap.min.css":"RQ/EY7ixo0nfcXBW+7PgeA==","assets/bootstrap/css/bootstrap-grid.min.css":"a6LeNNuqhRu1LJbHvTM1Lg==","assets/bootstrap/css/bootstrap-reboot.min.css":"TlWTM3JQaaM6nQ8zh2UupQ==","assets/popper/popper.min.js":"NiE4ESlZe/NNSKniYj4FyQ==","assets/bootstrap/js/bootstrap.min.js":"FNRJ64h2+lXh7zwsxSsMFw==","assets/theme/css/style.css":"/ZqC7vKtWjEN8vJ+ZeMBeg==-VITbTf54ezV7Z7I/e4lZVw==","assets/smoothscroll/smooth-scroll.js":"+VAxy5J347mUI4YSmrGfyA==","assets/soundcloud-plugin/style.css":"wLHkKf+/d2qrUw3ao5npxQ==","assets/dropdown/css/style.css":"xTa1P4InCVdfjHDkJmQ+mQ==","assets/dropdown/js/script.min.js":"XKwdlgq/KqgA8/xiKfaAVw==","assets/touchswipe/jquery.touch-swipe.min.js":"9g/wVGnRdXmW2F9BctT/TQ==","assets/parallax/jarallax.min.js":"lgPnhpb6UHWR10D5+gD9+g==","assets/masonry/masonry.pkgd.min.js":"xU517fXLr0ErwWukFF9gMg==","assets/imagesloaded/imagesloaded.pkgd.min.js":"UR7y9u51Dtwyu1yNXTJOfg==","assets/bootstrapcarouselswipe/bootstrap-carousel-swipe.js":"1NIoKK0GehKy3z7Pjjpsjw==","assets/gallery/player.min.js":"LD8pej9nbqJv1C5dclQ+TQ==","assets/gallery/script.js":"911hAurVSASl1EUcOs5oUg==","assets/gallery/style.css":"mOzT/C/A0tCRBFz31DMTcg==","assets/socicon/css/styles.css":"CJiiT9PQDkx8b/7uvhdvqA==","assets/socicon/fonts/socicon.eot":"XHkUXqWN9KkbI2JOr7etKQ==","assets/socicon/fonts/socicon.ttf":"1n97zWg+ogcaXBgcQsNnBA==","assets/socicon/fonts/socicon.svg":"o1tldE9Vf6tUJOmbttTpgA==","assets/socicon/fonts/socicon.woff":"n3NmYDMK3z2OXXC2s0nxxw=="}}