{"bJp0fDF7DtxwLGcbrCwZHw==":"jeremy-wong-308974-2000x1333.jpg","apMS0nK9BgWKzaOl0auGMg==":"max-felner-379612-2000x1333.jpg","3FXz4lFvYHVp6D4mOLeqCw==":"jason-blackeye-127871-2000x1333.jpg","CCL4scWDk4/W9UV4UpP0qA==":"ander-burdain-180587-2000x1333.jpg","5n1sO/VpzeP8s1bp9UM05w==":"mbr-1920x1080.jpg","8iJRpxVT5LK9Txj+CBftiA==":"freddy-marschall-186923-2000x1333.jpg","GuCAHd5yMjB9Ap2wwBqZLg==":"aaditya-kalia-332803--4000x4000.jpg","LK+1DM1wVSk0QQ3SfT4f7Q==":"diego-ph-254975-3456x3456.jpg","9Ejz0bYjrUAQTKV/1YIarw==":"gerrie-van-der-walt-338444-2000x2000.jpg","hgQuyfvt1QWPXZPS0i512g==":"alex-iby-280624-2000x1333.jpg","Nw97EY0aw1N7Uulgq0HjLg==":"filip-mroz-250497-3221x4169.jpg","u9k6lUfB0poe9UYWjHlvCg==":"guilherme-stecanella-370401-2000x1333.jpg","82YAxBc/+DOP3sExkqmmCg==":"max-felner-379613-2000x1333.jpg","FyK8SVOags3o+laB14hc1A==":"igor-son-320878-1999x1501.jpg","LFCy6uJtLljlE19aGfBg+w==":"igor-son-320878.jpg","z1f68YvMrbzVpnEKz/4OdA==":"myles-tan-85939.jpg","V5JFG1pGqSKVyYkw+EUgtw==":"gaelle-marcel-85383.jpg","oZY6ntFcWUM1a3d4ePAL5A==":"tanalee-youngblood-341695.jpg","nvekSGU4zlHdO2HtKONOPA==":"annie-spratt-370997.jpg","2MeA1FfpTwNySvxlkVdUWg==":"devan-freeman-2166.jpg","yk/nYPIPr2rgoh19LYCt+Q==":"imani-clovis-252739.jpg","LKKr+ziyRph1lsBMjrCdYA==":"alexa-mazzarello-223414.jpg","diqD6p5JH5bCJN/4pyt7BQ==":"gwen-weustink-123644.jpg","grNggV5GGp3KOnCHg6feOA==":"daniel-hjalmarsson-269425.jpg","3VDq4w/ZQYTYlg5kzxEJ7A==":"samuel-zeller-62819.jpg"}