{"ExWasrwZRt7VCVw34901Zg==":"mbr-1624x1080.jpg","AphDJfy56+NyLOb3+pZfKA==":"mbr-1146x1080.jpg","qpURoGyIKCJ6Lz5w0iP/YQ==":"mbr-1-1624x1080.jpg","PUM0bo5oOgecoYXXoKhJQg==":"mbr-1620x1080.jpg","0RRrZYVF764IbKXEzBbjzg==":"89-1000x800.jpg","MTHexraQNf+h7MpPup/1xg==":"66-1000x800.jpg","LYkAdiB7FTNlmDac1HwdjQ==":"89877-1000x800.jpg","IkJTWRI5n2wvohNo0+MYpA==":"9879-1000x800.jpg","ILyEem32gVhvEoB4LCbDWw==":"8987890-1000x800.jpg","sSj4vf3t/c9TFbyDKz/tfQ==":"43543-1000x800.jpg","m1EZzxaprW2b1IfhigEQ+A==":"545-1000x800.jpg","0WS5c6CINq7wmG8S1a8qMA==":"098890098-1000x800.jpg","tGHdcrbg2/XSLTxkBH7tTA==":"mbr-1-1620x1080.jpg","HMb5CtpZwrWvUcnF+t51sg==":"mbr-1920x1080.jpg","89tGZlxXcvBx6JPzah+r9A==":"3435-1000x800.jpg","43QyI9OA7uJfy0hfOKEM4A==":"6767-960x960.jpg","H2sfgHFKsNP9S/94Vfjrrw==":"22-960x960.jpg","9wQIj59JIT2+JC/ge4d54A==":"trte-960x960.jpg","QwA41v1PLNv8ag+gCFVXxQ==":"3434-960x960.jpg","SA+iJXmEvcUn4ho2iHlflQ==":"user1-960x960.jpg","jxpFbjTCFGvjxjnmkUR0vg==":"user3-960x960.jpg","u/UHENjZHzQYK38LQeXQ4A==":"user2-960x960.jpg","urZCH+X5KtBafL7WVomMQA==":"mbr-1408x1080.jpg"}