{"file:///C:/Work/Sites/TravelerDemo":{"assets/images/07.jpg":"iqw7yQD1OsBIxUDxW8kJ2w==","assets/images/face2.jpg":"6edgndODWJV7M92E1DALRQ==","assets/images/face1.jpg":"KYUroB+RDOt87E6JxujuIQ==","assets/images/face4.jpg":"3I5+6XuA8sdIiRINu7cZUg==","assets/images/face3.jpg":"T/jnPgrfEHPQii08/IV+fA==","assets/images/1.png":"oAP0zYaQ9tF52IPzGki5eQ==","assets/images/2.png":"6O+30lxp2k+o4AIopsEebQ==","assets/images/3.png":"HJhRgRnoxd9hOKIesgHdSg==","assets/images/4.png":"cS+b+H/4s7fYemEvQPUyBw==","assets/images/5.png":"nKr8ur/1nGr/J+a7RVdSQQ==","assets/images/face2-500x500.jpg":"0GAc3C95iojvMgHDB23GiQ==","assets/images/face4-500x500.jpg":"HwwMC95Y4P0moXBnBXF3XQ==","assets/images/background7-1-1920x1080.jpg":"MDJNMVEgoD43C5crmETKJg==","assets/images/logo2.png":"/5TxP6rB5Xsj6wML99MSww==","assets/images/background8.jpg":"ibIE3c/2EhH0WMZKP3+16w==","assets/images/background7.jpg":"6ONvU6CxMMhrb1g7t1WuTw==","assets/images/background7-1920x1080.jpg":"I/Vab8HD2puXTqd4Taf0Gw==","assets/web/assets/jquery/jquery.min.js":"V5Dq1607onOXrt+j0mO4Zw==","assets/bootstrap/css/bootstrap.min.css":"RQ/EY7ixo0nfcXBW+7PgeA==","assets/bootstrap/css/bootstrap-grid.min.css":"a6LeNNuqhRu1LJbHvTM1Lg==","assets/bootstrap/css/bootstrap-reboot.min.css":"TlWTM3JQaaM6nQ8zh2UupQ==","assets/bootstrap/js/bootstrap.min.js":"FNRJ64h2+lXh7zwsxSsMFw==","assets/popper/popper.min.js":"NiE4ESlZe/NNSKniYj4FyQ==","assets/tether/tether.min.css":"YhVaOUjL8Xsb9LQHyQq4Tw==","assets/tether/tether.min.js":"PlC291/0Eo8keLHUT4D9+w==","assets/theme/css/style.css":"TuInrzwK8DZAbgPCJH3TbA==-VITbTf54ezV7Z7I/e4lZVw==","assets/smoothscroll/smooth-scroll.js":"+VAxy5J347mUI4YSmrGfyA==","assets/web/assets/mobirise-icons/mobirise-icons.css":"RVE1Au0iQ4C1HCKJDC+/mQ==","assets/web/assets/mobirise-icons/mobirise-icons.eot":"d1DWj4ts/6jfjnda7g4Q2A==","assets/web/assets/mobirise-icons/mobirise-icons.svg":"Yp5pSlGdnLgPdQLUa/Yv3w==","assets/web/assets/mobirise-icons/mobirise-icons.ttf":"sxxNoGToYfNN/LuoyTYkfg==","assets/web/assets/mobirise-icons/mobirise-icons.woff":"rcbBnBdGlGMmyU5U/bmzjg==","assets/soundcloud-plugin/style.css":"wLHkKf+/d2qrUw3ao5npxQ==","assets/dropdown/css/style.css":"s+S8lVC62P0BWFtgHpaNFA==","assets/dropdown/js/script.min.js":"XKwdlgq/KqgA8/xiKfaAVw==","assets/touch-swipe/jquery.touch-swipe.min.js":"9g/wVGnRdXmW2F9BctT/TQ==","assets/parallax/jarallax.min.js":"lgPnhpb6UHWR10D5+gD9+g==","assets/viewportchecker/jquery.viewportchecker.js":"tPohzxkhSfLWJO1IZnbd/g==","assets/bootstrapcarouselswipe/bootstrap-carousel-swipe.js":"1NIoKK0GehKy3z7Pjjpsjw==","assets/mbr-clients-slider/mbr-clients-slider.js":"/3GMW670F6MrmhhyNtYYog==","assets/formoid/formoid.min.js":"LS3ZNNEFXEEIXvN30NLGPw==","assets/socicon/css/styles.css":"CJiiT9PQDkx8b/7uvhdvqA==","assets/socicon/fonts/socicon.eot":"XHkUXqWN9KkbI2JOr7etKQ==","assets/socicon/fonts/socicon.svg":"o1tldE9Vf6tUJOmbttTpgA==","assets/socicon/fonts/socicon.ttf":"1n97zWg+ogcaXBgcQsNnBA==","assets/socicon/fonts/socicon.woff":"n3NmYDMK3z2OXXC2s0nxxw=="},"file:///C:/Work/Sites/BusinessDemo":{"assets/images/07.jpg":"iqw7yQD1OsBIxUDxW8kJ2w==","assets/images/face2.jpg":"6edgndODWJV7M92E1DALRQ==","assets/images/face1.jpg":"KYUroB+RDOt87E6JxujuIQ==","assets/images/face4.jpg":"3I5+6XuA8sdIiRINu7cZUg==","assets/images/face3.jpg":"T/jnPgrfEHPQii08/IV+fA==","assets/images/1.png":"oAP0zYaQ9tF52IPzGki5eQ==","assets/images/2.png":"6O+30lxp2k+o4AIopsEebQ==","assets/images/3.png":"HJhRgRnoxd9hOKIesgHdSg==","assets/images/4.png":"cS+b+H/4s7fYemEvQPUyBw==","assets/images/5.png":"nKr8ur/1nGr/J+a7RVdSQQ==","assets/images/face2-500x500.jpg":"0GAc3C95iojvMgHDB23GiQ==","assets/images/face4-500x500.jpg":"HwwMC95Y4P0moXBnBXF3XQ==","assets/images/background7-1-1920x1080.jpg":"MDJNMVEgoD43C5crmETKJg==","assets/images/logo2.png":"/5TxP6rB5Xsj6wML99MSww==","assets/images/background8.jpg":"ibIE3c/2EhH0WMZKP3+16w==","assets/images/background7.jpg":"6ONvU6CxMMhrb1g7t1WuTw==","assets/images/background7-1920x1080.jpg":"I/Vab8HD2puXTqd4Taf0Gw==","assets/web/assets/jquery/jquery.min.js":"V5Dq1607onOXrt+j0mO4Zw==","assets/bootstrap/css/bootstrap.min.css":"RQ/EY7ixo0nfcXBW+7PgeA==","assets/bootstrap/css/bootstrap-grid.min.css":"a6LeNNuqhRu1LJbHvTM1Lg==","assets/bootstrap/css/bootstrap-reboot.min.css":"TlWTM3JQaaM6nQ8zh2UupQ==","assets/bootstrap/js/bootstrap.min.js":"FNRJ64h2+lXh7zwsxSsMFw==","assets/popper/popper.min.js":"NiE4ESlZe/NNSKniYj4FyQ==","assets/tether/tether.min.css":"YhVaOUjL8Xsb9LQHyQq4Tw==","assets/tether/tether.min.js":"PlC291/0Eo8keLHUT4D9+w==","assets/theme/css/style.css":"TuInrzwK8DZAbgPCJH3TbA==-VITbTf54ezV7Z7I/e4lZVw==","assets/smoothscroll/smooth-scroll.js":"+VAxy5J347mUI4YSmrGfyA==","assets/web/assets/mobirise-icons/mobirise-icons.css":"RVE1Au0iQ4C1HCKJDC+/mQ==","assets/web/assets/mobirise-icons/mobirise-icons.eot":"d1DWj4ts/6jfjnda7g4Q2A==","assets/web/assets/mobirise-icons/mobirise-icons.svg":"Yp5pSlGdnLgPdQLUa/Yv3w==","assets/web/assets/mobirise-icons/mobirise-icons.ttf":"sxxNoGToYfNN/LuoyTYkfg==","assets/web/assets/mobirise-icons/mobirise-icons.woff":"rcbBnBdGlGMmyU5U/bmzjg==","assets/soundcloud-plugin/style.css":"wLHkKf+/d2qrUw3ao5npxQ==","assets/dropdown/css/style.css":"s+S8lVC62P0BWFtgHpaNFA==","assets/dropdown/js/script.min.js":"XKwdlgq/KqgA8/xiKfaAVw==","assets/touch-swipe/jquery.touch-swipe.min.js":"9g/wVGnRdXmW2F9BctT/TQ==","assets/parallax/jarallax.min.js":"lgPnhpb6UHWR10D5+gD9+g==","assets/viewportchecker/jquery.viewportchecker.js":"tPohzxkhSfLWJO1IZnbd/g==","assets/bootstrapcarouselswipe/bootstrap-carousel-swipe.js":"1NIoKK0GehKy3z7Pjjpsjw==","assets/mbr-clients-slider/mbr-clients-slider.js":"/3GMW670F6MrmhhyNtYYog==","assets/formoid/formoid.min.js":"LS3ZNNEFXEEIXvN30NLGPw==","assets/socicon/css/styles.css":"CJiiT9PQDkx8b/7uvhdvqA==","assets/socicon/fonts/socicon.eot":"XHkUXqWN9KkbI2JOr7etKQ==","assets/socicon/fonts/socicon.svg":"o1tldE9Vf6tUJOmbttTpgA==","assets/socicon/fonts/socicon.ttf":"1n97zWg+ogcaXBgcQsNnBA==","assets/socicon/fonts/socicon.woff":"n3NmYDMK3z2OXXC2s0nxxw=="}}