{"VsIUjo7Z9fsBfwbTs5ES/w==":"patrick-tomasso-89367-2000x1502.jpg","1bHVMX13fYqPNmy+79jwvw==":"breather-187933-2000x1333.jpg","6rE9P4fNLJCGh5x0MWGfMg==":"nastuh-abootalebi-284883-1997x1333.jpg","q8XVmyiLu9LaY6oe7y+WyQ==":"andrew-neel-218073-1333x2000.jpg","JBoePh7Fbo9pvN/BzBvxvw==":"jonathan-velasquez-384018-1333x2000.jpg","Wl+DB/K1XAwKOd4i5KqhMw==":"mbr-785x1080.jpg","MGckcRhTeW9NUZ5pXz98iw==":"ayo-ogunseinde-316141-3333x3333.jpg","RUyji0wsTxu0RUnPeSDx1A==":"cat-as-a-user-1200x1200.jpg","xcsQW6WaXitZp0L+JoRzLg==":"girl-808x808.jpg","o3sYDQtAgpJszTFnbVk3QQ==":"mike-wilson-253599-2189x2189.jpg","Wbm4ErV4eqDv260aUqWewA==":"tim-gouw-69753-2000x1333.jpg","wD7SA1xIGrnoDth7xMRpHQ==":"patrick-tomasso-89368-2000x1502.jpg","NyQfNhKyOZMZ3j1CTU/v7Q==":"yoann-boyer-316485-1333x1333.jpg","iusui9iQ8/KcsIArazSe6w==":"mbr-1618x1080.jpg"}