{"zKNuFp9dOlYUwxyb5smuLw==":"mbr-1620x1080.jpg","D/jf9LPuTp/UxLqX2kHi6A==":"coolapp-2000x1333.jpg","MuZN4+wgbF+jv2WIntcmVQ==":"mbr-1-1620x1080.jpg","pBrWU16gBRUPI6sJx/wkvQ==":"mbr-2-1620x1080.jpg","O16da9CZjsMLjozbHReV2A==":"mbr-3-1620x1080.jpg","Dp708FH8vatQXRuij9pLzw==":"fontawesome_f004(0)-512-512x512.png","uFf+CJyY/6i7dErXeYxQCw==":"fontawesome_f06e(2)-512-512x512.png","+1zKdtJHnSCVlmOaB6A3dQ==":"fontawesome_f135(3)-512-512x512.png","VoyW6eNzLZ3nks1sMU2gqg==":"fontawesome_f007(1)-512-512x512.png","h3Q9PuPLvU4TyuzXibL6Tw==":"fontawesome_f004(0)-513-512x512.png","MAohtv8m7dViusQu5EcaOA==":"fontawesome_f06e(2)-513-512x512.png","IThW//LW4VgsUtslo+ZKIg==":"fontawesome_f007(1)-513-512x512.png","APiV1xVbu2aw6xTtDzUucQ==":"fontawesome_f135(3)-513-512x512.png","ga2ZMhQRS6Ab2Ia3VxOXpQ==":"themify_e71f(0)-512-512x512.png","j1O2t/m6vBgdDKiptfi0MA==":"themify_e634(3)-512-512x512.png","93mvCo4pXY9Bp7wKJREzWQ==":"themify_e6b8(1)-512-512x512.png","jLm3d64664opCGs2n3kj/Q==":"cat-as-a-user-1200x1200.jpg","RUyji0wsTxu0RUnPeSDx1A==":"cat-as-a-user-1-1200x1200.jpg","SfeM4dy+xqmdPPU3ZDuyxA==":"cat-as-a-user-2-1200x1200.jpg","Sj2Peu1niSyeUmjaiZi37w==":"cat-as-a-user-3-1200x1200.jpg"}