{"file:///C:/Work/Sites/Shoes":{"assets/web/assets/jquery/jquery.min.js":"V5Dq1607onOXrt+j0mO4Zw==","assets/web/assets/mobirise-icons/mobirise-icons.css":"RVE1Au0iQ4C1HCKJDC+/mQ==","assets/web/assets/mobirise-icons/mobirise-icons.eot":"d1DWj4ts/6jfjnda7g4Q2A==","assets/web/assets/mobirise-icons/mobirise-icons.svg":"Yp5pSlGdnLgPdQLUa/Yv3w==","assets/web/assets/mobirise-icons/mobirise-icons.ttf":"sxxNoGToYfNN/LuoyTYkfg==","assets/web/assets/mobirise-icons/mobirise-icons.woff":"rcbBnBdGlGMmyU5U/bmzjg==","assets/images/gallery04-1200x800-800x533.jpg":"9+pwiZxPgwG2hGuaQ2kZ/w==","assets/images/1-1920x1280.jpg":"DtxgzHIm7NHZM8GwJiWTog==","assets/images/gallery07-1200x800-800x533.jpg":"ZA+Ek+8ZyRLbUxhIephSfA==","assets/images/gallery06-1200x800-800x533.jpg":"FiZieCCu6xa8XkabLp7/Tg==","assets/images/gallery07-1-1200x800.jpg":"+JmH31rGTR/xoNgWFNlAzQ==","assets/images/gallery04-3-1200x800.jpg":"ykt8diTXUZMyzz2nxmK2Xg==","assets/images/face5.jpg":"VL6UnZqIwi8oxk+9xCEUuQ==","assets/images/face6.jpg":"AiEFHfjblx0dlAKNfWU+8A==","assets/images/face7.jpg":"c+HPjNeAyGCVs3qjMncNRA==","assets/images/face8.jpg":"D2u25tDQ5ikyGi4SGQA4Ag==","assets/images/logo.png":"g2hipAO6yWUEHjMYNl7XtA==","assets/images/jakob-owens-102203-1920x1280.jpg":"2MmoBtOI9/tmfN7Xwa8Omg==","assets/images/joshua-niedermayer-266955-1920x1281.jpg":"ahiazdjMpLxyqxrKiT2PgA==","assets/images/andrew-tanglao-505288-1920x1259.jpg":"5NDW1FvCfh+ybnLlccpNdw==","assets/bootstrap/css/bootstrap.min.css":"RQ/EY7ixo0nfcXBW+7PgeA==","assets/bootstrap/css/bootstrap-grid.min.css":"a6LeNNuqhRu1LJbHvTM1Lg==","assets/bootstrap/css/bootstrap-reboot.min.css":"TlWTM3JQaaM6nQ8zh2UupQ==","assets/bootstrap/js/bootstrap.min.js":"FNRJ64h2+lXh7zwsxSsMFw==","assets/popper/popper.min.js":"NiE4ESlZe/NNSKniYj4FyQ==","assets/theme/css/style.css":"/ZqC7vKtWjEN8vJ+ZeMBeg==-VITbTf54ezV7Z7I/e4lZVw==","assets/smoothscroll/smooth-scroll.js":"+VAxy5J347mUI4YSmrGfyA==","assets/soundcloud-plugin/style.css":"wLHkKf+/d2qrUw3ao5npxQ==","assets/dropdown/css/style.css":"xTa1P4InCVdfjHDkJmQ+mQ==","assets/dropdown/js/script.min.js":"XKwdlgq/KqgA8/xiKfaAVw==","assets/touchswipe/jquery.touch-swipe.min.js":"9g/wVGnRdXmW2F9BctT/TQ==","assets/mbr-animated-bg-text/mbr-animated-bg-text.js":"oscQH4dMAiYCxvMTtru/gA==","assets/mobirise-shop/script.js":"N398H3elRqEwBe7BuD/xig==","assets/gallery/player.min.js":"LD8pej9nbqJv1C5dclQ+TQ==","assets/gallery/script.js":"911hAurVSASl1EUcOs5oUg==","assets/gallery/style.css":"mOzT/C/A0tCRBFz31DMTcg==","assets/playervimeo/vimeo_player.js":"fnHZOfIQB+kVs37Lx7EYlA==","assets/parallax/jarallax.min.js":"lgPnhpb6UHWR10D5+gD9+g==","assets/mbr-popup-btns/mbr-popup-btns.js":"Z8yD85jyGaqovWRHN54W7Q==","assets/countdown/jquery.countdown.min.js":"pOhUTfGeJXVfSVvUMB45sw==","assets/mbr-flip-card/mbr-flip-card.js":"p26DQgQdspeU2A8Mo22jdQ==","assets/formoid/formoid.min.js":"LS3ZNNEFXEEIXvN30NLGPw==","assets/socicon/css/styles.css":"CJiiT9PQDkx8b/7uvhdvqA==","assets/socicon/fonts/socicon.eot":"XHkUXqWN9KkbI2JOr7etKQ==","assets/socicon/fonts/socicon.woff":"n3NmYDMK3z2OXXC2s0nxxw==","assets/socicon/fonts/socicon.svg":"o1tldE9Vf6tUJOmbttTpgA==","assets/socicon/fonts/socicon.ttf":"1n97zWg+ogcaXBgcQsNnBA=="}}