{"file:///C:/Work/Sites/TravelerDemo":{"assets/web/assets/jquery/jquery.min.js":"V5Dq1607onOXrt+j0mO4Zw==","assets/web/assets/mobirise-icons/mobirise-icons.css":"RVE1Au0iQ4C1HCKJDC+/mQ==","assets/web/assets/mobirise-icons/mobirise-icons.eot":"d1DWj4ts/6jfjnda7g4Q2A==","assets/web/assets/mobirise-icons/mobirise-icons.svg":"Yp5pSlGdnLgPdQLUa/Yv3w==","assets/web/assets/mobirise-icons/mobirise-icons.ttf":"sxxNoGToYfNN/LuoyTYkfg==","assets/web/assets/mobirise-icons/mobirise-icons.woff":"rcbBnBdGlGMmyU5U/bmzjg==","assets/images/khatam-tadayon-107740-1200x796.jpg":"mtVqKDwrUVMCeo1kaJTp+w==","assets/images/sho-hatakeyama-117306-unsplash-1200x800.jpg":"3eMO7ZIZw6KUfPONw4vp8Q==","assets/images/luca-bravo-121931-unsplash-1200x800.jpg":"U7mhMNDqYjw18yBPavQM6Q==","assets/images/ross-parmly-25230-unsplash-1200x797.jpg":"3sQXXWOl2sZOJtU2Mw3PIQ==","assets/images/jack-catterall-6268-unsplash-1200x800.jpg":"X1QV5vD1Lr4Eowgqz+wNaw==","assets/images/artiom-vallat-558027-unsplash-1519757244-94.181.200.62-1920x1280.jpg":"U5CtHiPrZ8WojYq1cyob9w==","assets/images/background6-1920x1280.jpg":"YB0WAUjK5DRjNGZDv6rTIg==","assets/images/artiom-vallat-558027-unsplash-1519757244-94.181.200.62-1-1920x1280.jpg":"MXG+ObttLZUHPJsR3WXJ+A==","assets/bootstrap/css/bootstrap.min.css":"RQ/EY7ixo0nfcXBW+7PgeA==","assets/bootstrap/css/bootstrap-grid.min.css":"a6LeNNuqhRu1LJbHvTM1Lg==","assets/bootstrap/css/bootstrap-reboot.min.css":"TlWTM3JQaaM6nQ8zh2UupQ==","assets/bootstrap/js/bootstrap.min.js":"FNRJ64h2+lXh7zwsxSsMFw==","assets/tether/tether.min.css":"YhVaOUjL8Xsb9LQHyQq4Tw==","assets/popper/popper.min.js":"NiE4ESlZe/NNSKniYj4FyQ==","assets/tether/tether.min.js":"PlC291/0Eo8keLHUT4D9+w==","assets/theme/css/style.css":"TuInrzwK8DZAbgPCJH3TbA==-VITbTf54ezV7Z7I/e4lZVw==","assets/smoothscroll/smooth-scroll.js":"+VAxy5J347mUI4YSmrGfyA==","assets/dropdown/js/script.min.js":"XKwdlgq/KqgA8/xiKfaAVw==","assets/soundcloud-plugin/style.css":"wLHkKf+/d2qrUw3ao5npxQ==","assets/dropdown/css/style.css":"s+S8lVC62P0BWFtgHpaNFA==","assets/parallax/jarallax.min.js":"lgPnhpb6UHWR10D5+gD9+g==","assets/touch-swipe/jquery.touch-swipe.min.js":"9g/wVGnRdXmW2F9BctT/TQ==","assets/formoid/formoid.min.js":"LS3ZNNEFXEEIXvN30NLGPw==","assets/socicon/fonts/socicon.eot":"XHkUXqWN9KkbI2JOr7etKQ==","assets/socicon/fonts/socicon.svg":"o1tldE9Vf6tUJOmbttTpgA==","assets/socicon/css/styles.css":"CJiiT9PQDkx8b/7uvhdvqA==","assets/socicon/fonts/socicon.woff":"n3NmYDMK3z2OXXC2s0nxxw==","assets/socicon/fonts/socicon.ttf":"1n97zWg+ogcaXBgcQsNnBA=="}}