{"dEZbXD/+lEM2wP0oXoujxA==":"mbr-1620x1080.jpg","pnhbkets1GJZv1jAI3Gs5A==":"mbr-1920x947.jpg","CwDIl9SYma2zJIRGGqithw==":"mbr-1440x1080.jpg","cOSFvVm0As2Q5ucSZmR0MA==":"mbr-721x1080.jpg","14boR460t4rjf3MMJQo5VQ==":"mbr-1-1620x1080.jpg","Zdv1O5IVFe25tebN+Cr+1w==":"mbr-1619x1080.jpg","TTSeoCs4AzlRZoFHpZ6n6w==":"mbr-2-1620x1080.jpg","n6ymo7Em3hUztTQgW9NUeQ==":"mbr-3-1620x1080.jpg","vXGLBHrL+x0+RyzWvghKhQ==":"mbr-1618x1080.jpg","jJrtHRJwZwZOeNOe2BxzgA==":"mbr-4-1620x1080.jpg","uv6zaZyvhhIVHWy5oo0Yqw==":"mbr-1696x1080.jpg","Cah+vRrKBNCbNYfR6kRmVg==":"mbr-5-1620x1080.jpg","uGXvaFGhzoZmApoyNmlVlw==":"mbr-6-1620x1080.jpg","+Gm3ELe4XTy2R4if4L8TIg==":"mbr-7-1620x1080.jpg","PUM0bo5oOgecoYXXoKhJQg==":"mbr-8-1620x1080.jpg"}