{"ZYHNCKKrNjADoetd8S0YAQ==":"clem-onojeghuo-219192-2000x1488.jpg","GD3e1/LQw6HCq7XwQ3+1DQ==":"edouard-tamba-204135-2000x1334.jpg","rSpKvOUEvHn1QGrSbw+l0A==":"clem-onojeghuo-219193-2000x1488.jpg","rnoU+HlDzEyUMpsianmOaQ==":"aravind-kumar-380959-2000x1333.jpg","2X5XS7h/0WLu0LUuVPHOPw==":"ross-sokolovski-115060-2000x1333.jpg","aXBykH3LQEtmJiAwf/7CsQ==":"mbr-720x1080.jpg","iHbzKAAGCi2A26oCd6T6Rw==":"annie-spratt-251226-2000x1333.jpg","dslsYVkGG8we7DfiVBe5Zg==":"annie-spratt-251227-2000x1333.jpg","cEaBUOvcs9POXvzyu8M9bQ==":"alisha-hieb-249784-2000x1333.jpg"}